{"cameraMode":{"drawMode":0,"name":"Shaded","section":"Shading Mode"},"sceneLighting":false,"audioPlay":false,"sceneViewState":{"m_AlwaysRefresh":false,"showFog":true,"showSkybox":false,"showFlares":true,"showImageEffects":true,"showParticleSystems":true,"showVisualEffectGraphs":true,"m_FxEnabled":true},"in2DMode":false,"pivot":{"x":0.05898156017065048,"y":0.41333889961242678,"z":-0.20147475600242616},"rotation":{"x":0.02641124464571476,"y":-0.8339095115661621,"z":0.040058430284261706,"w":0.5498116612434387},"size":1.5300925970077515,"orthographic":true}