{"cameraMode":{"drawMode":0,"name":"Shaded","section":"Shading Mode"},"sceneLighting":false,"audioPlay":false,"sceneViewState":{"m_AlwaysRefresh":false,"showFog":true,"showSkybox":false,"showFlares":true,"showImageEffects":true,"showParticleSystems":true,"showVisualEffectGraphs":true,"m_FxEnabled":true},"in2DMode":false,"pivot":{"x":-20.76189613342285,"y":7.808438301086426,"z":-2.5733742713928224},"rotation":{"x":0.018591947853565217,"y":0.5055103302001953,"z":0.010996990837156773,"w":-0.8625896573066711},"size":11.164575576782227,"orthographic":false}