{"cameraMode":{"drawMode":0,"name":"Shaded","section":"Shading Mode"},"sceneLighting":false,"audioPlay":false,"sceneViewState":{"m_AlwaysRefresh":false,"showFog":true,"showSkybox":false,"showFlares":true,"showImageEffects":true,"showParticleSystems":true,"showVisualEffectGraphs":true,"m_FxEnabled":true},"in2DMode":false,"pivot":{"x":-0.43847858905792239,"y":6.7384352684021,"z":2.1896891593933107},"rotation":{"x":-0.016589228063821794,"y":0.9683114886283875,"z":-0.24004316329956056,"w":-0.06691969186067581},"size":0.0014007091522216797,"orthographic":false}