{"cameraMode":{"drawMode":0,"name":"Shaded","section":"Shading Mode"},"sceneLighting":true,"audioPlay":false,"sceneViewState":{"m_AlwaysRefresh":false,"showFog":true,"showSkybox":true,"showFlares":true,"showImageEffects":true,"showParticleSystems":true,"showVisualEffectGraphs":true,"m_FxEnabled":true},"in2DMode":false,"pivot":{"x":775.4564819335938,"y":672.0840454101563,"z":-5.603855133056641},"rotation":{"x":0.01080468762665987,"y":-0.03089749440550804,"z":0.0002362323721172288,"w":0.9995129704475403},"size":563.6370849609375,"orthographic":false}