{"cameraMode":{"drawMode":0,"name":"Shaded","section":"Shading Mode"},"sceneLighting":true,"audioPlay":false,"sceneViewState":{"m_AlwaysRefresh":false,"showFog":true,"showSkybox":true,"showFlares":true,"showImageEffects":true,"showParticleSystems":true,"showVisualEffectGraphs":true,"m_FxEnabled":true},"in2DMode":false,"pivot":{"x":-2.1983747482299806,"y":1.3290760517120362,"z":0.07645835727453232},"rotation":{"x":0.055668141692876819,"y":0.7043046951293945,"z":-0.055800069123506549,"w":0.7055891156196594},"size":0.7544462084770203,"orthographic":false}