{"cameraMode":{"drawMode":0,"name":"Shaded","section":"Shading Mode"},"sceneLighting":true,"audioPlay":false,"sceneViewState":{"m_AlwaysRefresh":false,"showFog":true,"showSkybox":true,"showFlares":true,"showImageEffects":true,"showParticleSystems":true,"showVisualEffectGraphs":true,"m_FxEnabled":true},"in2DMode":false,"pivot":{"x":22.782974243164064,"y":4.358838081359863,"z":5.523686408996582},"rotation":{"x":0.0074019585736095909,"y":0.9894436597824097,"z":-0.05528690293431282,"w":0.13409268856048585},"size":10.182571411132813,"orthographic":false}