{"cameraMode":{"drawMode":0,"name":"Shaded","section":"Shading Mode"},"sceneLighting":true,"audioPlay":false,"sceneViewState":{"m_AlwaysRefresh":false,"showFog":true,"showSkybox":true,"showFlares":true,"showImageEffects":true,"showParticleSystems":true,"showVisualEffectGraphs":true,"m_FxEnabled":true},"in2DMode":false,"pivot":{"x":0.045829564332962039,"y":0.3131828010082245,"z":-2.9802322387695315e-8},"rotation":{"x":0.07312743365764618,"y":0.5191580057144165,"z":-0.04469367861747742,"w":0.8504025340080261},"size":2.5019211769104006,"orthographic":false}